airline,date_of_journey,source,destination,dep_time,arrival_time,duration,total_stops,additional_info,price
Air India,2019-03-12,Banglore,New Delhi,06:45:00,18:05:00,2120,3.0,No Info,13387
Indigo,2019-03-03,Delhi,Cochin,07:35:00,12:00:00,265,1.0,No Info,8258
Multiple Carriers,2019-04-09,Delhi,Cochin,08:45:00,19:15:00,630,1.0,No Info,8371
Multiple Carriers,2019-03-27,Delhi,Cochin,06:40:00,19:15:00,755,1.0,No Info,9100
Air India,2019-03-24,Mumbai,Hyderabad,15:00:00,16:25:00,85,0.0,No Info,2050
Multiple Carriers,2019-03-06,Delhi,Cochin,11:30:00,19:15:00,465,1.0,In-flight meal not included,15342
Jet Airways,2019-05-12,Kolkata,Banglore,16:30:00,09:20:00,1010,1.0,No Info,14388
Jet Airways,2019-03-06,Banglore,New Delhi,16:55:00,05:05:00,730,1.0,No Info,16736
Spicejet,2019-06-15,Kolkata,Banglore,22:20:00,00:40:00,140,0.0,No check-in baggage included,3841
Jet Airways,2019-03-03,Delhi,Cochin,05:25:00,04:25:00,2820,2.0,No Info,20064
Jet Airways,2019-05-01,Kolkata,Banglore,20:25:00,19:10:00,1365,1.0,No Info,11467
Indigo,2019-05-03,Mumbai,Hyderabad,20:05:00,21:40:00,95,0.0,No Info,2754
Air India,2019-06-27,Delhi,Cochin,17:40:00,23:00:00,320,1.0,No Info,7174
Jet Airways,2019-03-12,Banglore,New Delhi,22:55:00,07:40:00,525,1.0,In-flight meal not included,11087
Indigo,2019-05-12,Kolkata,Banglore,21:00:00,02:15:00,315,1.0,No Info,7228
Vistara,2019-03-24,Kolkata,Banglore,07:10:00,22:55:00,945,1.0,No Info,12732
Multiple Carriers,2019-06-12,Delhi,Cochin,11:40:00,21:00:00,560,1.0,No Info,7005
Multiple Carriers,2019-05-15,Delhi,Cochin,07:30:00,19:00:00,690,1.0,No Info,10529
Spicejet,2019-05-15,Kolkata,Banglore,06:55:00,09:30:00,155,0.0,No Info,3873
Vistara,2019-05-15,Chennai,Kolkata,17:45:00,20:05:00,140,0.0,No Info,11982
Jet Airways,2019-03-03,Delhi,Cochin,17:30:00,04:25:00,655,1.0,No Info,17024
Indigo,2019-03-09,Kolkata,Banglore,09:35:00,12:20:00,165,0.0,No Info,4148
Indigo,2019-05-09,Kolkata,Banglore,22:15:00,00:50:00,155,0.0,No Info,4804
Indigo,2019-05-12,Banglore,Delhi,23:30:00,02:20:00,170,0.0,No Info,4591
Air India,2019-05-15,Kolkata,Banglore,09:50:00,23:15:00,805,2.0,No Info,14960
Jet Airways,2019-03-27,Delhi,Cochin,19:10:00,19:45:00,1475,2.0,No Info,10929
Indigo,2019-05-01,Kolkata,Banglore,17:15:00,19:50:00,155,0.0,No Info,4804
Indigo,2019-06-27,Mumbai,Hyderabad,20:05:00,21:40:00,95,0.0,No Info,2227
Multiple Carriers,2019-05-01,Delhi,Cochin,07:30:00,19:00:00,690,1.0,No Info,9794
Jet Airways,2019-03-12,Banglore,New Delhi,22:55:00,07:40:00,525,1.0,No Info,13817
Spicejet,2019-03-24,Kolkata,Banglore,06:55:00,09:35:00,160,0.0,No check-in baggage included,4781
Air India,2019-03-09,Banglore,New Delhi,06:50:00,08:50:00,1560,1.0,No Info,5626
Multiple Carriers,2019-06-03,Delhi,Cochin,10:00:00,19:15:00,555,1.0,No Info,14848
Jet Airways,2019-06-24,Delhi,Cochin,11:00:00,14:15:00,195,0.0,In-flight meal not included,4256
Air India,2019-03-03,Banglore,New Delhi,13:20:00,16:10:00,170,0.0,No Info,12841
Multiple Carriers ,2019-03-21,Delhi,Cochin,07:30:00,18:50:00,680,1.0,No Info,14629
Jet Airways,2019-03-21,Delhi,Cochin,02:15:00,04:25:00,1570,1.0,In-flight meal not included,7438
Jet Airways,2019-06-01,Delhi,Cochin,19:30:00,04:25:00,535,2.0,No Info,13014
Jet Airways,2019-06-06,Delhi,Cochin,05:30:00,19:00:00,810,2.0,In-flight meal not included,10368
Indigo,2019-05-09,Kolkata,Banglore,17:15:00,19:50:00,155,0.0,No Info,4804
Jet Airways,2019-06-09,Kolkata,Banglore,17:00:00,23:35:00,395,1.0,In-flight meal not included,13994
Jet Airways,2019-03-06,Banglore,New Delhi,20:35:00,10:25:00,830,1.0,No Info,17261
Jet Airways,2019-06-15,Delhi,Cochin,10:00:00,19:00:00,540,1.0,No Info,14714
Indigo,2019-03-03,Chennai,Kolkata,05:15:00,07:35:00,140,0.0,No Info,6482
Vistara,2019-04-06,Banglore,Delhi,07:00:00,09:40:00,160,0.0,No Info,5613
Jet Airways,2019-05-18,Kolkata,Banglore,21:10:00,09:20:00,730,1.0,In-flight meal not included,9663
Air India,2019-05-21,Mumbai,Hyderabad,15:00:00,16:25:00,85,0.0,No Info,3100
Air Asia,2019-05-12,Banglore,Delhi,04:55:00,07:45:00,170,0.0,No Info,4282
Indigo,2019-06-15,Delhi,Cochin,05:05:00,16:10:00,665,1.0,No Info,6818
Air India,2019-05-21,Kolkata,Banglore,14:30:00,12:30:00,1320,2.0,No Info,15107
Air India,2019-03-24,Banglore,New Delhi,17:00:00,22:55:00,1795,2.0,No Info,8114
Jet Airways,2019-05-18,Kolkata,Banglore,08:25:00,09:20:00,1495,1.0,No Info,14388
Jet Airways,2019-06-21,Banglore,Delhi,08:20:00,11:20:00,180,0.0,In-flight meal not included,5769
Jet Airways,2019-06-01,Delhi,Cochin,10:00:00,19:00:00,540,1.0,No Info,14714
Spicejet,2019-04-03,Delhi,Cochin,17:55:00,22:50:00,295,1.0,No Info,4611
Goair,2019-05-01,Kolkata,Banglore,16:40:00,00:15:00,455,1.0,No Info,6484
Jet Airways,2019-05-09,Banglore,Delhi,07:10:00,10:10:00,180,0.0,No Info,7229
Goair,2019-06-15,Delhi,Cochin,07:25:00,13:35:00,370,1.0,No Info,5842
Indigo,2019-04-27,Delhi,Cochin,21:50:00,03:35:00,345,1.0,No Info,6307
Jet Airways,2019-03-01,Banglore,New Delhi,08:55:00,21:20:00,745,1.0,1 Long layover,27992
Jet Airways,2019-05-09,Delhi,Cochin,19:45:00,04:25:00,520,1.0,In-flight meal not included,12373
Indigo,2019-03-03,Delhi,Cochin,07:30:00,21:00:00,810,1.0,No Info,14871
Vistara,2019-06-18,Banglore,Delhi,11:30:00,14:20:00,170,0.0,No Info,4668
Multiple Carriers,2019-05-15,Delhi,Cochin,10:20:00,19:00:00,520,1.0,No Info,9794
Spicejet,2019-05-01,Kolkata,Banglore,09:00:00,11:25:00,145,0.0,No check-in baggage included,3841
Jet Airways,2019-05-06,Kolkata,Banglore,09:35:00,21:05:00,690,1.0,No Info,12121
Jet Airways,2019-05-09,Kolkata,Banglore,09:35:00,21:05:00,690,1.0,No Info,13067
Jet Airways,2019-05-09,Delhi,Cochin,15:00:00,04:25:00,805,1.0,In-flight meal not included,12373
Indigo,2019-05-01,Kolkata,Banglore,20:20:00,22:55:00,155,0.0,No Info,4804
Jet Airways,2019-06-12,Kolkata,Banglore,09:35:00,09:45:00,1450,1.0,No Info,12692
Jet Airways,2019-03-21,Delhi,Cochin,10:20:00,18:50:00,1950,2.0,No Info,11664
Air India,2019-03-09,Delhi,Cochin,22:00:00,19:15:00,1275,2.0,No Info,14851
Jet Airways,2019-04-12,Banglore,Delhi,08:20:00,11:20:00,180,0.0,No Info,7229
Jet Airways,2019-06-27,Delhi,Cochin,10:00:00,19:00:00,540,1.0,In-flight meal not included,10262
Spicejet,2019-05-15,Kolkata,Banglore,17:10:00,19:40:00,150,0.0,No check-in baggage included,3841
Indigo,2019-03-06,Delhi,Cochin,04:45:00,15:30:00,645,1.0,No Info,13611
Jet Airways,2019-06-09,Delhi,Cochin,16:00:00,04:25:00,745,1.0,In-flight meal not included,10577
Jet Airways,2019-05-21,Delhi,Cochin,21:50:00,04:25:00,395,1.0,No Info,16079
Indigo,2019-05-15,Banglore,Delhi,07:10:00,10:05:00,175,0.0,No Info,4823
Vistara,2019-06-03,Chennai,Kolkata,17:45:00,20:05:00,140,0.0,No Info,11982
Jet Airways,2019-06-01,Delhi,Cochin,18:25:00,04:25:00,600,2.0,No Info,14237
Jet Airways,2019-05-06,Banglore,Delhi,06:00:00,08:45:00,165,0.0,In-flight meal not included,5198
Air India,2019-06-12,Kolkata,Banglore,12:00:00,11:10:00,1390,2.0,No Info,9416
Indigo,2019-04-12,Kolkata,Banglore,20:20:00,22:55:00,155,0.0,No Info,4488
Spicejet,2019-06-09,Delhi,Cochin,06:05:00,11:20:00,315,1.0,No Info,5583
Air India,2019-06-18,Banglore,Delhi,17:00:00,19:50:00,170,0.0,No Info,6961
Indigo,2019-03-27,Delhi,Cochin,04:45:00,13:20:00,515,1.0,No Info,7048
Indigo,2019-03-18,Chennai,Kolkata,19:35:00,21:55:00,140,0.0,No Info,4332
Indigo,2019-04-03,Kolkata,Banglore,17:15:00,19:50:00,155,0.0,No Info,4174
Air India,2019-05-01,Kolkata,Banglore,10:00:00,20:25:00,625,1.0,No Info,10203
Air India,2019-06-03,Kolkata,Banglore,14:15:00,16:45:00,150,0.0,No Info,5510
Vistara,2019-05-01,Kolkata,Banglore,20:20:00,23:25:00,1625,1.0,No Info,8085
Multiple Carriers,2019-05-18,Delhi,Cochin,17:50:00,01:30:00,460,2.0,No Info,19360
Air India,2019-04-01,Delhi,Cochin,17:20:00,09:25:00,965,1.0,No Info,5117
Jet Airways,2019-06-06,Delhi,Cochin,15:00:00,19:00:00,1680,1.0,No Info,14714
Indigo,2019-05-21,Delhi,Cochin,09:15:00,21:00:00,705,1.0,No Info,7318
Multiple Carriers,2019-05-27,Delhi,Cochin,11:30:00,19:15:00,465,1.0,In-flight meal not included,9254
Indigo,2019-04-27,Delhi,Cochin,16:00:00,21:00:00,300,1.0,No Info,6937
Air India,2019-04-06,Delhi,Cochin,17:20:00,09:25:00,965,1.0,No Info,4697
Jet Airways,2019-06-12,Kolkata,Banglore,20:00:00,04:40:00,520,1.0,In-flight meal not included,6959
Jet Airways,2019-03-21,Delhi,Cochin,09:40:00,18:50:00,550,2.0,No Info,11702
Multiple Carriers,2019-03-21,Delhi,Cochin,10:00:00,01:35:00,935,1.0,In-flight meal not included,8565
Jet Airways,2019-06-12,Kolkata,Banglore,18:55:00,08:15:00,800,1.0,No Info,13044
Jet Airways,2019-06-06,Delhi,Cochin,18:25:00,04:25:00,600,2.0,No Info,14237
Indigo,2019-03-21,Mumbai,Hyderabad,09:10:00,10:35:00,85,0.0,No Info,4049
Air India,2019-05-09,Kolkata,Banglore,09:25:00,13:45:00,1700,2.0,No Info,12592
Indigo,2019-06-18,Chennai,Kolkata,07:55:00,10:15:00,140,0.0,No Info,3850
Air India,2019-04-06,Banglore,Delhi,17:00:00,19:45:00,165,0.0,No Info,4651
Jet Airways,2019-03-01,Banglore,New Delhi,22:50:00,07:40:00,530,1.0,No Info,26890
Multiple Carriers,2019-05-18,Delhi,Cochin,07:10:00,16:10:00,540,1.0,No Info,7038
Jet Airways,2019-05-06,Kolkata,Banglore,21:10:00,16:20:00,1150,1.0,No Info,13584
Air India,2019-06-06,Kolkata,Banglore,05:50:00,23:15:00,1045,2.0,No Info,12723
Spicejet,2019-04-03,Banglore,Delhi,09:30:00,12:20:00,170,0.0,No Info,3971
Spicejet,2019-03-09,Mumbai,Hyderabad,05:45:00,07:05:00,80,0.0,No Info,4391
Indigo,2019-06-24,Delhi,Cochin,05:05:00,16:10:00,665,1.0,No Info,6442
Jet Airways,2019-06-01,Delhi,Cochin,14:00:00,12:35:00,1355,1.0,In-flight meal not included,10262
Multiple Carriers,2019-06-06,Delhi,Cochin,13:00:00,01:30:00,750,1.0,No Info,13377
Indigo,2019-03-24,Kolkata,Banglore,11:55:00,16:25:00,270,1.0,No Info,9806
Indigo,2019-05-01,Chennai,Kolkata,19:35:00,21:55:00,140,0.0,No Info,3597
Jet Airways,2019-05-09,Kolkata,Banglore,16:30:00,04:40:00,730,1.0,No Info,14781
Spicejet,2019-04-21,Kolkata,Banglore,17:10:00,19:40:00,150,0.0,No Info,4911
Jet Airways,2019-06-06,Delhi,Cochin,20:55:00,19:00:00,1325,1.0,No Info,14714
Air India,2019-03-01,Banglore,New Delhi,05:50:00,11:20:00,1770,4.0,Change airports,17686
Jet Airways,2019-03-27,Mumbai,Hyderabad,07:10:00,08:35:00,85,0.0,No Info,8040
Vistara,2019-05-03,Banglore,Delhi,21:00:00,23:50:00,170,0.0,No Info,5613
Vistara,2019-06-18,Banglore,Delhi,09:45:00,12:35:00,170,0.0,No Info,4668
Goair,2019-04-15,Delhi,Cochin,10:35:00,19:35:00,540,1.0,No Info,5752
Air India,2019-03-21,Banglore,New Delhi,22:00:00,10:50:00,770,1.0,No Info,6955
Air India,2019-06-27,Delhi,Cochin,20:40:00,09:25:00,765,1.0,No Info,7480
Jet Airways,2019-05-27,Delhi,Cochin,19:10:00,12:35:00,1045,2.0,No Info,15129
Spicejet,2019-05-09,Kolkata,Banglore,11:35:00,18:50:00,435,1.0,No Info,8479
Jet Airways,2019-06-12,Kolkata,Banglore,14:05:00,22:35:00,510,1.0,No Info,13626
Jet Airways,2019-06-06,Kolkata,Banglore,14:05:00,20:45:00,400,1.0,No Info,14571
Multiple Carriers,2019-06-06,Delhi,Cochin,08:00:00,19:00:00,660,1.0,No Info,12192
Air India,2019-03-03,Banglore,New Delhi,06:10:00,08:55:00,165,0.0,No Info,7591
Jet Airways,2019-05-09,Delhi,Cochin,13:25:00,12:35:00,1390,2.0,No Info,15129
Air India,2019-05-24,Delhi,Cochin,22:00:00,19:15:00,1275,2.0,No Info,10441
Spicejet,2019-04-15,Delhi,Cochin,06:05:00,11:20:00,315,1.0,No Info,5583
Indigo,2019-03-06,Kolkata,Banglore,21:25:00,00:05:00,160,0.0,No Info,4778
Air India,2019-05-09,Kolkata,Banglore,10:00:00,23:15:00,795,1.0,No Info,10203
Multiple Carriers,2019-05-15,Delhi,Cochin,10:00:00,19:00:00,540,1.0,No Info,10197
Spicejet,2019-03-21,Delhi,Cochin,08:45:00,13:15:00,270,1.0,No Info,6460
Vistara,2019-03-24,Kolkata,Banglore,09:55:00,18:45:00,530,1.0,No Info,16092
Jet Airways,2019-05-09,Delhi,Cochin,19:30:00,04:25:00,535,2.0,In-flight meal not included,13029
Jet Airways,2019-05-06,Mumbai,Hyderabad,02:55:00,04:20:00,85,0.0,In-flight meal not included,3210
Jet Airways,2019-06-12,Kolkata,Banglore,14:05:00,19:50:00,345,1.0,No Info,13626
Jet Airways,2019-04-27,Banglore,Delhi,07:10:00,10:10:00,180,0.0,In-flight meal not included,4544
Jet Airways,2019-06-12,Delhi,Cochin,08:10:00,04:25:00,1215,2.0,No Info,14300
Jet Airways,2019-05-18,Delhi,Cochin,13:25:00,19:00:00,1775,2.0,No Info,16704
Jet Airways,2019-04-01,Delhi,Cochin,22:50:00,12:35:00,825,1.0,In-flight meal not included,5177
Indigo,2019-03-03,Mumbai,Hyderabad,21:20:00,22:45:00,85,0.0,No Info,4784
Indigo,2019-04-24,Delhi,Cochin,05:05:00,16:10:00,665,1.0,No Info,6171
Indigo,2019-06-24,Kolkata,Banglore,11:30:00,14:05:00,155,0.0,No Info,4804
Jet Airways,2019-03-15,Banglore,New Delhi,22:55:00,05:05:00,370,1.0,No Info,27210
Vistara,2019-05-24,Kolkata,Banglore,17:00:00,20:20:00,1640,1.0,No Info,9870
Jet Airways,2019-05-24,Kolkata,Banglore,18:55:00,12:00:00,1025,1.0,No Info,14571
Indigo,2019-06-01,Delhi,Cochin,08:30:00,21:00:00,750,1.0,No Info,6416
Air India,2019-05-09,Kolkata,Banglore,08:20:00,20:25:00,725,2.0,No Info,11432
Air India,2019-05-09,Banglore,Delhi,17:00:00,19:45:00,165,0.0,No Info,5228
Jet Airways,2019-05-09,Kolkata,Banglore,17:00:00,21:05:00,1685,1.0,No Info,13067
Air India,2019-06-24,Delhi,Cochin,12:00:00,19:15:00,435,2.0,No Info,9548
Air India,2019-05-24,Delhi,Cochin,20:40:00,09:25:00,765,1.0,No Info,7480
Jet Airways,2019-06-21,Banglore,Delhi,11:10:00,14:05:00,175,0.0,No Info,8016
Multiple Carriers,2019-05-06,Delhi,Cochin,09:00:00,19:00:00,600,1.0,No Info,10407
Jet Airways,2019-03-09,Delhi,Cochin,05:25:00,04:25:00,1380,2.0,No Info,16914
Jet Airways,2019-05-27,Delhi,Cochin,09:35:00,12:35:00,1620,2.0,In-flight meal not included,12872
Spicejet,2019-06-12,Kolkata,Banglore,17:10:00,19:40:00,150,0.0,No Info,4174
Indigo,2019-04-15,Kolkata,Banglore,20:20:00,22:55:00,155,0.0,No Info,4174
Air India,2019-03-27,Delhi,Cochin,17:15:00,07:40:00,865,2.0,No Info,8367
Indigo,2019-06-03,Mumbai,Hyderabad,01:40:00,03:10:00,90,0.0,No Info,2754
Indigo,2019-05-06,Kolkata,Banglore,09:20:00,14:15:00,295,1.0,No Info,11319
Air India,2019-05-01,Delhi,Cochin,22:00:00,19:15:00,1275,2.0,No Info,11281
Jet Airways,2019-04-03,Banglore,Delhi,08:20:00,11:20:00,180,0.0,No Info,7229
Indigo,2019-06-27,Banglore,Delhi,04:00:00,06:50:00,170,0.0,No Info,3943
Vistara,2019-06-12,Kolkata,Banglore,20:20:00,20:20:00,1440,1.0,No Info,8085
Air India,2019-05-18,Kolkata,Banglore,05:50:00,08:55:00,1625,2.0,No Info,12723
Jet Airways,2019-06-06,Mumbai,Hyderabad,07:05:00,08:30:00,85,0.0,In-flight meal not included,4995
Indigo,2019-05-12,Chennai,Kolkata,05:15:00,07:40:00,145,0.0,No Info,3540
Goair,2019-06-18,Banglore,Delhi,20:55:00,23:40:00,165,0.0,No Info,3419
Indigo,2019-03-27,Delhi,Cochin,17:10:00,01:35:00,505,1.0,No Info,6316
Spicejet,2019-06-24,Chennai,Kolkata,08:20:00,10:35:00,135,0.0,No Info,3597
Goair,2019-04-15,Banglore,Delhi,07:45:00,10:40:00,175,0.0,No Info,4632
Jet Airways,2019-06-09,Mumbai,Hyderabad,02:55:00,04:20:00,85,0.0,No Info,5678
Spicejet,2019-05-12,Mumbai,Hyderabad,22:45:00,00:15:00,90,0.0,No check-in baggage included,1965
Air India,2019-05-24,Kolkata,Banglore,09:50:00,08:55:00,1385,2.0,No Info,15170
Multiple Carriers,2019-05-15,Delhi,Cochin,10:00:00,21:00:00,660,1.0,No Info,13727
Jet Airways,2019-03-21,Mumbai,Hyderabad,10:20:00,11:50:00,90,0.0,No Info,8040
Indigo,2019-05-01,Banglore,Delhi,10:10:00,13:00:00,170,0.0,No Info,3943
Vistara,2019-06-12,Banglore,Delhi,17:00:00,19:35:00,155,0.0,No Info,4878
Indigo,2019-06-03,Kolkata,Banglore,15:15:00,17:45:00,150,0.0,No Info,4804
Indigo,2019-03-24,Mumbai,Hyderabad,19:05:00,20:30:00,85,0.0,No Info,2754
Air India,2019-03-24,Kolkata,Banglore,20:30:00,12:30:00,960,1.0,No Info,12173
Indigo,2019-03-06,Delhi,Cochin,11:30:00,21:00:00,570,1.0,No Info,14871
Indigo,2019-05-21,Delhi,Cochin,06:40:00,21:00:00,860,1.0,No Info,7006
Multiple Carriers,2019-06-01,Delhi,Cochin,03:50:00,19:00:00,910,1.0,No Info,12192
Jet Airways,2019-04-12,Banglore,Delhi,07:10:00,10:10:00,180,0.0,No Info,7229
Multiple Carriers,2019-03-06,Delhi,Cochin,13:00:00,21:00:00,480,1.0,In-flight meal not included,15136
Indigo,2019-04-03,Kolkata,Banglore,15:15:00,17:45:00,150,0.0,No Info,4174
Air Asia,2019-06-06,Delhi,Cochin,16:45:00,07:10:00,865,1.0,No Info,11410
Indigo,2019-05-18,Delhi,Cochin,11:25:00,21:00:00,575,1.0,No Info,7191
Air India,2019-04-06,Kolkata,Banglore,19:00:00,11:05:00,965,1.0,No Info,4437
Air Asia,2019-03-15,Kolkata,Banglore,10:20:00,12:55:00,155,0.0,No Info,4384
Jet Airways,2019-05-21,Delhi,Cochin,02:15:00,04:25:00,1570,1.0,In-flight meal not included,12898
Indigo,2019-05-09,Delhi,Cochin,16:10:00,22:30:00,380,1.0,No Info,6704
Multiple Carriers,2019-06-24,Delhi,Cochin,14:55:00,22:30:00,455,1.0,In-flight meal not included,6093
Air India,2019-05-01,Kolkata,Banglore,10:00:00,23:15:00,795,1.0,No Info,10203
Indigo,2019-03-03,Banglore,New Delhi,01:30:00,04:15:00,165,0.0,No Info,6144
Jet Airways,2019-05-12,Kolkata,Banglore,16:30:00,19:50:00,1640,1.0,In-flight meal not included,10844
Indigo,2019-03-01,Mumbai,Hyderabad,02:30:00,04:00:00,90,0.0,No Info,16000
Jet Airways,2019-05-12,Kolkata,Banglore,21:10:00,12:00:00,890,1.0,No Info,14388
Air India,2019-03-06,Mumbai,Hyderabad,09:40:00,15:15:00,1775,2.0,No Info,25139
Jet Airways,2019-03-09,Delhi,Cochin,18:15:00,18:50:00,1475,1.0,No Info,16289
Spicejet,2019-03-24,Banglore,New Delhi,09:35:00,12:30:00,175,0.0,No check-in baggage included,4273
Indigo,2019-05-27,Kolkata,Banglore,15:15:00,17:45:00,150,0.0,No Info,4804
Multiple Carriers,2019-05-21,Delhi,Cochin,15:00:00,01:30:00,630,1.0,No Info,14067
Multiple Carriers,2019-06-06,Delhi,Cochin,17:00:00,01:30:00,510,1.0,No Info,7198
Air India,2019-05-15,Kolkata,Banglore,09:25:00,17:20:00,1915,2.0,No Info,13616
Vistara,2019-04-24,Delhi,Cochin,06:00:00,09:10:00,190,0.0,No Info,6216
Jet Airways,2019-05-21,Delhi,Cochin,07:05:00,19:00:00,715,1.0,In-flight meal not included,12239
Indigo,2019-04-27,Banglore,Delhi,18:55:00,21:50:00,175,0.0,No Info,4823
Air India,2019-05-09,Delhi,Cochin,20:15:00,19:15:00,1380,2.0,No Info,13591
Indigo,2019-05-06,Kolkata,Banglore,18:05:00,23:30:00,325,1.0,No Info,6218
Multiple Carriers,2019-06-27,Delhi,Cochin,06:40:00,19:15:00,755,1.0,No Info,7354
Spicejet,2019-05-24,Chennai,Kolkata,09:45:00,12:00:00,135,0.0,No check-in baggage included,3543
Air India,2019-03-09,Delhi,Cochin,05:55:00,07:40:00,1545,2.0,No Info,14483
Jet Airways,2019-06-06,Kolkata,Banglore,18:55:00,18:15:00,1400,1.0,In-flight meal not included,10844
Multiple Carriers,2019-03-27,Delhi,Cochin,06:00:00,21:00:00,900,1.0,No Info,8055
Jet Airways,2019-05-09,Delhi,Cochin,10:00:00,19:00:00,540,1.0,In-flight meal not included,12373
Indigo,2019-06-15,Delhi,Cochin,07:30:00,21:00:00,810,1.0,No Info,6093
Indigo,2019-05-27,Delhi,Cochin,07:35:00,22:30:00,895,1.0,No Info,7514
Indigo,2019-04-01,Kolkata,Banglore,09:20:00,14:15:00,295,1.0,No Info,10308
Air India,2019-05-18,Delhi,Cochin,06:50:00,07:40:00,1490,2.0,No Info,13591
Spicejet,2019-06-12,Kolkata,Banglore,15:05:00,20:20:00,315,1.0,No Info,4649
Spicejet,2019-05-24,Kolkata,Banglore,08:35:00,17:15:00,520,1.0,No Info,6643
Air India,2019-06-06,Kolkata,Banglore,14:30:00,08:55:00,1105,2.0,No Info,15894
Indigo,2019-03-24,Chennai,Kolkata,11:35:00,14:00:00,145,0.0,No Info,4332
Multiple Carriers,2019-06-15,Delhi,Cochin,10:20:00,19:00:00,520,1.0,No Info,11789
Jet Airways,2019-05-12,Banglore,Delhi,06:00:00,08:45:00,165,0.0,No Info,7229
Spicejet,2019-06-15,Mumbai,Hyderabad,13:15:00,14:45:00,90,0.0,No Info,2017
Multiple Carriers,2019-05-21,Delhi,Cochin,16:00:00,01:30:00,570,1.0,No Info,14067
Indigo,2019-04-01,Kolkata,Banglore,15:30:00,18:05:00,155,0.0,No Info,4174
Vistara,2019-03-03,Banglore,New Delhi,09:50:00,12:35:00,165,0.0,No Info,8028
Jet Airways,2019-04-21,Banglore,Delhi,17:45:00,20:45:00,180,0.0,No Info,7229
Indigo,2019-03-18,Mumbai,Hyderabad,02:30:00,04:00:00,90,0.0,No Info,2754
Jet Airways,2019-06-09,Kolkata,Banglore,14:05:00,23:35:00,570,1.0,No Info,14571
Indigo,2019-06-03,Delhi,Cochin,16:00:00,21:00:00,300,1.0,No Info,6593
Jet Airways,2019-05-27,Delhi,Cochin,18:15:00,19:00:00,1485,1.0,No Info,16079
Air India,2019-05-01,Kolkata,Banglore,12:00:00,07:55:00,1195,2.0,No Info,10151
Indigo,2019-04-24,Banglore,Delhi,00:30:00,03:25:00,175,0.0,No Info,3419
Air India,2019-05-18,Delhi,Cochin,05:00:00,07:40:00,1600,2.0,No Info,11228
Air India,2019-03-03,Banglore,New Delhi,07:30:00,10:50:00,1640,2.0,No Info,12074
Jet Airways,2019-04-03,Banglore,Delhi,19:50:00,22:50:00,180,0.0,In-flight meal not included,4544
Multiple Carriers,2019-06-12,Delhi,Cochin,11:25:00,19:00:00,455,1.0,No Info,10877
Jet Airways,2019-06-24,Delhi,Cochin,09:25:00,12:35:00,1630,2.0,No Info,13882
Jet Airways,2019-04-06,Delhi,Cochin,07:05:00,19:00:00,715,1.0,In-flight meal not included,5406
Air Asia,2019-05-12,Banglore,Delhi,23:55:00,02:45:00,170,0.0,No Info,4483
Air India,2019-06-09,Delhi,Cochin,20:00:00,19:15:00,1395,1.0,No Info,8372
Spicejet,2019-04-03,Mumbai,Hyderabad,05:45:00,07:15:00,90,0.0,No check-in baggage included,1965
Indigo,2019-06-24,Kolkata,Banglore,14:25:00,16:55:00,150,0.0,No Info,4804
Air Asia,2019-04-18,Banglore,Delhi,04:55:00,07:45:00,170,0.0,No Info,4282
Indigo,2019-03-15,Banglore,New Delhi,18:25:00,21:20:00,175,0.0,No Info,8855
Indigo,2019-06-15,Mumbai,Hyderabad,06:25:00,07:55:00,90,0.0,No Info,4049
Air India,2019-05-12,Banglore,Delhi,13:20:00,16:10:00,170,0.0,No Info,6121
Indigo,2019-06-03,Delhi,Cochin,10:35:00,21:00:00,625,1.0,No Info,6093
Vistara,2019-06-12,Banglore,Delhi,21:00:00,23:50:00,170,0.0,No Info,4668
Air India,2019-04-15,Banglore,Delhi,10:00:00,12:45:00,165,0.0,No Info,6121
Vistara,2019-05-24,Chennai,Kolkata,07:05:00,09:20:00,135,0.0,No Info,3687
Indigo,2019-03-21,Banglore,New Delhi,07:10:00,10:05:00,175,0.0,No Info,6860
Multiple Carriers,2019-06-24,Delhi,Cochin,10:20:00,19:15:00,535,1.0,In-flight meal not included,7268
Jet Airways,2019-03-03,Banglore,New Delhi,11:40:00,00:45:00,785,1.0,In-flight meal not included,13502
Jet Airways,2019-06-15,Delhi,Cochin,17:30:00,12:35:00,1145,1.0,In-flight meal not included,10262
Air India,2019-03-03,Banglore,New Delhi,00:30:00,08:45:00,495,1.0,No Info,11392
Indigo,2019-03-01,Kolkata,Banglore,15:10:00,17:45:00,155,0.0,No Info,6565
Jet Airways,2019-03-09,Delhi,Cochin,21:50:00,18:50:00,1260,1.0,In-flight meal not included,13843
Air Asia,2019-05-27,Delhi,Cochin,07:55:00,15:45:00,470,1.0,No Info,6451
Jet Airways,2019-06-09,Kolkata,Banglore,08:25:00,20:45:00,740,1.0,No Info,14571
Vistara,2019-05-15,Kolkata,Banglore,07:10:00,23:25:00,975,1.0,No Info,9345
Air India,2019-05-27,Delhi,Cochin,05:10:00,08:00:00,170,0.0,No Info,6094
Indigo,2019-03-06,Delhi,Cochin,06:40:00,22:20:00,940,1.0,No Info,6442
Jet Airways,2019-06-27,Banglore,Delhi,19:50:00,22:50:00,180,0.0,In-flight meal not included,7229
Jet Airways,2019-05-15,Kolkata,Banglore,21:10:00,20:45:00,1415,1.0,In-flight meal not included,10844
Indigo,2019-05-15,Chennai,Kolkata,19:35:00,21:55:00,140,0.0,No Info,3597
Jet Airways,2019-03-21,Delhi,Cochin,17:30:00,18:50:00,1520,1.0,No Info,12557
Vistara,2019-04-01,Kolkata,Banglore,07:10:00,20:20:00,790,1.0,No Info,8452
Spicejet,2019-05-03,Kolkata,Banglore,06:55:00,09:30:00,155,0.0,No Info,3873
Indigo,2019-06-06,Kolkata,Banglore,19:35:00,23:15:00,220,1.0,No Info,6116
Jet Airways,2019-06-12,Banglore,Delhi,19:50:00,22:50:00,180,0.0,In-flight meal not included,5769
Spicejet,2019-06-27,Chennai,Kolkata,08:20:00,10:35:00,135,0.0,No Info,3597
Jet Airways,2019-05-18,Delhi,Cochin,23:05:00,19:00:00,1195,2.0,No Info,15129
Indigo,2019-06-01,Delhi,Cochin,07:35:00,12:10:00,275,1.0,No Info,5054
Jet Airways,2019-06-09,Delhi,Cochin,13:00:00,12:35:00,1415,1.0,In-flight meal not included,10262
Goair,2019-03-09,Banglore,New Delhi,15:50:00,20:15:00,265,1.0,No Info,7657
Multiple Carriers,2019-03-27,Delhi,Cochin,08:25:00,19:15:00,650,1.0,No Info,8601
Jet Airways,2019-05-27,Delhi,Cochin,19:45:00,04:25:00,520,1.0,In-flight meal not included,12898
Jet Airways,2019-05-24,Banglore,Delhi,06:00:00,08:45:00,165,0.0,No Info,7229
Jet Airways,2019-05-18,Kolkata,Banglore,21:10:00,08:15:00,665,1.0,In-flight meal not included,8586
Spicejet,2019-03-09,Banglore,New Delhi,10:20:00,18:15:00,475,1.0,No Info,7294
Jet Airways,2019-05-21,Kolkata,Banglore,08:25:00,08:15:00,1430,1.0,No Info,13941
Jet Airways,2019-05-01,Kolkata,Banglore,09:35:00,14:25:00,1730,1.0,No Info,11467
Jet Airways,2019-05-15,Kolkata,Banglore,20:00:00,08:15:00,735,1.0,No Info,13941
Indigo,2019-03-09,Banglore,New Delhi,23:30:00,02:20:00,170,0.0,No Info,5694
Jet Airways,2019-04-01,Delhi,Cochin,18:15:00,19:00:00,1485,1.0,In-flight meal not included,5406
Indigo,2019-05-03,Kolkata,Banglore,15:30:00,18:05:00,155,0.0,No Info,4804
Indigo,2019-05-18,Delhi,Cochin,07:35:00,22:30:00,895,1.0,No Info,7144
Jet Airways,2019-06-06,Kolkata,Banglore,20:00:00,08:15:00,735,1.0,In-flight meal not included,10844
Air India,2019-03-21,Delhi,Cochin,06:50:00,19:15:00,2185,2.0,No Info,10756
Vistara,2019-03-03,Banglore,New Delhi,11:30:00,14:10:00,160,0.0,No Info,8028
Multiple Carriers,2019-05-18,Delhi,Cochin,10:00:00,21:00:00,660,1.0,In-flight meal not included,9275
Multiple Carriers,2019-06-09,Delhi,Cochin,09:00:00,21:00:00,720,1.0,No Info,13587
Multiple Carriers,2019-06-01,Delhi,Cochin,10:00:00,19:15:00,555,1.0,No Info,16108
Air India,2019-05-01,Kolkata,Banglore,19:00:00,04:40:00,580,1.0,No Info,6117
Indigo,2019-05-03,Banglore,Delhi,20:00:00,22:50:00,170,0.0,No Info,4823
Jet Airways,2019-03-27,Delhi,Cochin,05:10:00,19:45:00,2315,2.0,In-flight meal not included,8938
Spicejet,2019-06-18,Kolkata,Banglore,06:55:00,09:30:00,155,0.0,No Info,3873
Multiple Carriers,2019-06-09,Delhi,Cochin,08:00:00,19:00:00,660,1.0,No Info,12192
Air India,2019-04-01,Kolkata,Banglore,19:00:00,09:50:00,890,1.0,No Info,4227
Jet Airways,2019-03-12,Banglore,New Delhi,18:55:00,12:25:00,1050,1.0,In-flight meal not included,11087
Indigo,2019-06-21,Banglore,Delhi,23:30:00,02:20:00,170,0.0,No Info,4077
Spicejet,2019-04-27,Kolkata,Banglore,17:10:00,19:40:00,150,0.0,No check-in baggage included,3841
Jet Airways,2019-03-01,Banglore,New Delhi,08:55:00,15:15:00,380,1.0,No Info,26890
Spicejet,2019-06-03,Chennai,Kolkata,08:20:00,10:35:00,135,0.0,No check-in baggage included,3543
Indigo,2019-05-15,Delhi,Cochin,23:30:00,04:35:00,305,1.0,No Info,10123
Spicejet,2019-06-24,Mumbai,Hyderabad,22:45:00,00:15:00,90,0.0,No check-in baggage included,1965
Jet Airways,2019-05-21,Delhi,Cochin,05:30:00,12:35:00,425,2.0,In-flight meal not included,15544
Indigo,2019-03-03,Kolkata,Banglore,05:30:00,08:20:00,170,0.0,No Info,4778
Indigo,2019-06-18,Mumbai,Hyderabad,09:15:00,10:45:00,90,0.0,No Info,4049
Jet Airways,2019-05-09,Delhi,Cochin,11:40:00,19:00:00,440,2.0,In-flight meal not included,19644
Indigo,2019-06-15,Delhi,Cochin,18:35:00,01:30:00,415,1.0,No Info,5883
Air India,2019-03-27,Delhi,Cochin,05:10:00,08:00:00,170,0.0,No Info,4729
Indigo,2019-06-03,Delhi,Cochin,02:00:00,07:25:00,325,1.0,No Info,5636
Multiple Carriers,2019-05-27,Delhi,Cochin,13:00:00,21:00:00,480,1.0,No Info,7408
Jet Airways,2019-05-27,Delhi,Cochin,09:00:00,19:00:00,600,1.0,In-flight meal not included,10675
Air India,2019-03-03,Mumbai,Hyderabad,06:20:00,07:40:00,80,0.0,No Info,4937
Multiple Carriers,2019-06-24,Delhi,Cochin,10:20:00,19:00:00,520,1.0,In-flight meal not included,10791
Spicejet,2019-06-03,Chennai,Kolkata,17:45:00,20:05:00,140,0.0,No check-in baggage included,3543
Indigo,2019-06-24,Banglore,Delhi,04:00:00,06:50:00,170,0.0,No Info,3943
Jet Airways,2019-05-24,Banglore,Delhi,17:45:00,20:45:00,180,0.0,No Info,7229
Indigo,2019-03-01,Mumbai,Hyderabad,16:55:00,18:25:00,90,0.0,No Info,8853
Spicejet,2019-06-18,Mumbai,Hyderabad,05:45:00,07:15:00,90,0.0,No Info,2753
Indigo,2019-04-01,Mumbai,Hyderabad,02:35:00,04:05:00,90,0.0,No Info,2754
Jet Airways,2019-05-18,Banglore,Delhi,07:10:00,10:10:00,180,0.0,In-flight meal not included,5198
Indigo,2019-03-21,Kolkata,Banglore,17:15:00,19:55:00,160,0.0,No Info,4148
Air India,2019-03-12,Mumbai,Hyderabad,16:50:00,12:25:00,1175,3.0,No Info,14260
Indigo,2019-05-06,Kolkata,Banglore,17:35:00,22:15:00,280,1.0,No Info,5699
Jet Airways,2019-05-12,Kolkata,Banglore,17:00:00,21:05:00,1685,1.0,No Info,12121
Indigo,2019-05-09,Banglore,Delhi,06:05:00,08:50:00,165,0.0,No Info,4077
Indigo,2019-05-18,Delhi,Cochin,07:35:00,16:10:00,515,1.0,No Info,6442
Jet Airways,2019-05-27,Delhi,Cochin,23:05:00,04:25:00,1760,2.0,No Info,16704
Air India,2019-05-21,Delhi,Cochin,17:20:00,09:25:00,965,1.0,No Info,7480
Jet Airways,2019-03-12,Banglore,New Delhi,08:55:00,21:20:00,745,1.0,No Info,13817
Indigo,2019-03-21,Delhi,Cochin,10:45:00,15:30:00,285,1.0,No Info,6218
Indigo,2019-06-27,Mumbai,Hyderabad,06:25:00,07:55:00,90,0.0,No Info,4049
Jet Airways,2019-03-27,Delhi,Cochin,09:00:00,18:50:00,590,1.0,In-flight meal not included,5963
Jet Airways,2019-03-21,Banglore,New Delhi,07:00:00,13:15:00,375,1.0,In-flight meal not included,7832
Jet Airways,2019-06-12,Kolkata,Banglore,21:10:00,04:40:00,450,1.0,No Info,12739
Air India,2019-03-18,Mumbai,Hyderabad,06:20:00,07:40:00,80,0.0,No Info,3100
Vistara,2019-03-09,Chennai,Kolkata,07:05:00,09:20:00,135,0.0,No Info,6627
Air India,2019-04-24,Banglore,Delhi,10:00:00,12:45:00,165,0.0,No Info,6121
Spicejet,2019-05-24,Kolkata,Banglore,11:35:00,18:50:00,435,1.0,No Info,8479
Air India,2019-05-18,Kolkata,Banglore,09:25:00,21:50:00,745,1.0,No Info,8366
Jet Airways,2019-04-01,Kolkata,Banglore,18:55:00,23:35:00,1720,1.0,In-flight meal not included,7064
Indigo,2019-06-24,Kolkata,Banglore,17:15:00,19:50:00,155,0.0,No Info,4804
Jet Airways,2019-03-21,Banglore,New Delhi,18:40:00,07:40:00,780,1.0,In-flight meal not included,7832
Jet Airways,2019-06-24,Delhi,Cochin,05:30:00,04:25:00,1375,2.0,No Info,13014
Air Asia,2019-06-01,Delhi,Cochin,07:55:00,22:25:00,870,1.0,No Info,8759
Jet Airways,2019-06-12,Kolkata,Banglore,20:00:00,12:00:00,960,1.0,No Info,13044
Spicejet,2019-06-27,Delhi,Cochin,17:55:00,22:50:00,295,1.0,No Info,4957
Jet Airways,2019-06-24,Delhi,Cochin,14:00:00,19:00:00,300,1.0,In-flight meal not included,10262
Spicejet,2019-05-27,Mumbai,Hyderabad,22:45:00,00:15:00,90,0.0,No check-in baggage included,1965
Indigo,2019-06-03,Delhi,Cochin,06:50:00,16:10:00,560,1.0,No Info,7514
Spicejet,2019-05-01,Kolkata,Banglore,17:10:00,19:40:00,150,0.0,No Info,4174
Jet Airways,2019-06-12,Mumbai,Hyderabad,19:35:00,21:05:00,90,0.0,No Info,5678
Jet Airways,2019-05-01,Kolkata,Banglore,17:00:00,09:45:00,1005,1.0,No Info,11467
Indigo,2019-06-24,Delhi,Cochin,05:10:00,10:05:00,295,1.0,No Info,6496
Multiple Carriers,2019-05-15,Delhi,Cochin,09:45:00,16:10:00,385,1.0,No Info,9646
Air India,2019-03-01,Banglore,New Delhi,08:50:00,09:25:00,1475,2.0,No Info,25430
Indigo,2019-03-15,Kolkata,Banglore,14:20:00,16:55:00,155,0.0,No Info,4778
Air India,2019-05-06,Kolkata,Banglore,20:30:00,08:55:00,745,1.0,No Info,10203
Jet Airways,2019-05-27,Delhi,Cochin,14:00:00,04:25:00,865,1.0,In-flight meal not included,12898
Indigo,2019-03-03,Delhi,Cochin,10:45:00,15:30:00,285,1.0,No Info,7725
Jet Airways,2019-06-24,Delhi,Cochin,19:10:00,12:35:00,1045,2.0,No Info,12819
Indigo,2019-06-24,Banglore,Delhi,10:10:00,13:00:00,170,0.0,No Info,3943
Spicejet,2019-03-21,Chennai,Kolkata,08:20:00,10:35:00,135,0.0,No check-in baggage included,3332
Jet Airways,2019-05-06,Kolkata,Banglore,10:20:00,17:35:00,435,1.0,In-flight meal not included,7064
Vistara,2019-05-15,Kolkata,Banglore,07:10:00,20:20:00,790,1.0,No Info,8610
Air India,2019-05-12,Kolkata,Banglore,07:00:00,01:20:00,1100,2.0,No Info,13243
Jet Airways,2019-05-01,Kolkata,Banglore,20:00:00,10:05:00,845,1.0,No Info,13941
Multiple Carriers,2019-03-03,Delhi,Cochin,07:00:00,15:30:00,510,1.0,No Info,15603
Jet Airways,2019-06-09,Kolkata,Banglore,21:10:00,18:15:00,1265,1.0,No Info,14571
Air India,2019-06-24,Delhi,Cochin,20:15:00,19:15:00,1380,2.0,No Info,13381
Multiple Carriers,2019-06-01,Delhi,Cochin,07:05:00,16:10:00,545,1.0,No Info,9646
Jet Airways,2019-05-24,Kolkata,Banglore,14:05:00,18:15:00,1690,1.0,In-flight meal not included,10844
Jet Airways,2019-03-06,Banglore,New Delhi,05:45:00,18:25:00,760,1.0,No Info,16736
Jet Airways,2019-06-12,Delhi,Cochin,11:40:00,19:00:00,440,2.0,In-flight meal not included,15812
Indigo,2019-05-15,Kolkata,Banglore,21:00:00,02:15:00,315,1.0,No Info,7228
Spicejet,2019-04-12,Banglore,Delhi,21:10:00,00:05:00,175,0.0,No Info,5621
Air Asia,2019-03-24,Kolkata,Banglore,07:35:00,19:25:00,710,1.0,No Info,6785
Air India,2019-03-06,Delhi,Cochin,18:05:00,21:10:00,185,0.0,No Info,7931
Jet Airways,2019-06-06,Banglore,Delhi,19:50:00,22:50:00,180,0.0,No Info,8016
Air India,2019-03-01,Banglore,New Delhi,17:00:00,19:45:00,165,0.0,No Info,25913
Multiple Carriers,2019-06-01,Delhi,Cochin,09:00:00,21:00:00,720,1.0,No Info,7933
Jet Airways,2019-06-09,Banglore,Delhi,11:10:00,14:05:00,175,0.0,In-flight meal not included,7229
Indigo,2019-06-09,Mumbai,Hyderabad,06:25:00,07:55:00,90,0.0,No Info,4049
Indigo,2019-06-27,Chennai,Kolkata,13:15:00,15:35:00,140,0.0,No Info,3597
Spicejet,2019-04-01,Kolkata,Banglore,08:35:00,17:15:00,520,1.0,No Info,6013
Multiple Carriers,2019-05-27,Delhi,Cochin,13:00:00,01:30:00,750,1.0,In-flight meal not included,6943
Indigo,2019-04-01,Kolkata,Banglore,19:35:00,23:15:00,220,1.0,No Info,4226
Multiple Carriers,2019-05-27,Delhi,Cochin,15:00:00,01:30:00,630,1.0,In-flight meal not included,6943
Indigo,2019-05-21,Delhi,Cochin,08:35:00,18:10:00,575,1.0,No Info,6442
Jet Airways,2019-06-12,Kolkata,Banglore,06:30:00,18:15:00,705,1.0,In-flight meal not included,9899
Air India,2019-03-21,Mumbai,Hyderabad,21:05:00,22:25:00,80,0.0,No Info,2050
Jet Airways,2019-06-15,Delhi,Cochin,14:00:00,19:00:00,300,1.0,In-flight meal not included,10262
Jet Airways,2019-05-27,Delhi,Cochin,19:30:00,04:25:00,535,2.0,No Info,15129
Air India,2019-05-24,Mumbai,Hyderabad,21:05:00,22:25:00,80,0.0,No Info,3100
Air India,2019-05-15,Kolkata,Banglore,10:00:00,13:45:00,1665,2.0,No Info,16057
Spicejet,2019-05-21,Delhi,Cochin,08:45:00,13:15:00,270,1.0,No check-in baggage included,5158
Indigo,2019-05-12,Delhi,Cochin,05:35:00,08:50:00,195,0.0,No Info,6015
Goair,2019-05-18,Kolkata,Banglore,16:40:00,00:15:00,455,1.0,No Info,10586
Jet Airways,2019-03-12,Banglore,New Delhi,16:55:00,07:40:00,885,1.0,No Info,13817
Spicejet,2019-06-24,Kolkata,Banglore,17:10:00,19:40:00,150,0.0,No check-in baggage included,3841
Air Asia,2019-03-21,Delhi,Cochin,16:45:00,22:15:00,330,1.0,No Info,6151
Jet Airways,2019-05-27,Delhi,Cochin,13:25:00,12:35:00,1390,2.0,No Info,15129
Jet Airways,2019-06-01,Delhi,Cochin,21:50:00,12:35:00,885,1.0,In-flight meal not included,10262
Spicejet,2019-04-15,Banglore,Delhi,09:30:00,12:20:00,170,0.0,No Info,4423
Multiple Carriers,2019-03-03,Delhi,Cochin,13:55:00,21:00:00,425,1.0,No Info,17057
Jet Airways,2019-05-18,Kolkata,Banglore,05:45:00,16:20:00,635,1.0,In-flight meal not included,10844
Indigo,2019-06-06,Kolkata,Banglore,20:25:00,23:10:00,165,0.0,No Info,4804
Air Asia,2019-06-06,Banglore,Delhi,23:55:00,02:45:00,170,0.0,No Info,7120
Jet Airways,2019-06-09,Banglore,Delhi,07:10:00,10:10:00,180,0.0,In-flight meal not included,7229
Multiple Carriers,2019-06-12,Delhi,Cochin,18:00:00,01:30:00,450,1.0,No Info,7198
Indigo,2019-05-21,Delhi,Cochin,11:55:00,18:10:00,375,1.0,No Info,6442
Jet Airways,2019-03-01,Banglore,New Delhi,14:05:00,21:20:00,435,1.0,No Info,36235
Indigo,2019-05-09,Kolkata,Banglore,06:20:00,10:20:00,240,1.0,No Info,4226
Air India,2019-06-12,Kolkata,Banglore,09:50:00,23:15:00,805,2.0,No Info,14960
Air India,2019-05-27,Mumbai,Hyderabad,13:55:00,15:25:00,90,0.0,No Info,3625
Vistara,2019-03-03,Banglore,New Delhi,19:40:00,22:20:00,160,0.0,No Info,8553
Air India,2019-05-27,Delhi,Cochin,05:15:00,19:15:00,2280,3.0,No Info,10493
Jet Airways,2019-05-12,Kolkata,Banglore,06:30:00,04:40:00,1330,1.0,No Info,13941
Jet Airways,2019-06-09,Delhi,Cochin,07:05:00,04:25:00,1280,1.0,In-flight meal not included,10262
Indigo,2019-05-24,Kolkata,Banglore,14:25:00,16:55:00,150,0.0,No Info,5224
Air India,2019-03-27,Mumbai,Hyderabad,21:05:00,22:25:00,80,0.0,No Info,2575
Air India,2019-06-01,Delhi,Cochin,16:55:00,19:15:00,1580,2.0,No Info,13801
Indigo,2019-05-01,Chennai,Kolkata,07:55:00,10:15:00,140,0.0,No Info,3850
Multiple Carriers,2019-03-21,Delhi,Cochin,04:45:00,12:35:00,470,1.0,No Info,9838
Spicejet,2019-04-15,Delhi,Cochin,15:45:00,22:05:00,380,1.0,No Info,5899
Jet Airways,2019-05-21,Mumbai,Hyderabad,19:35:00,21:05:00,90,0.0,In-flight meal not included,3210
Jet Airways,2019-05-27,Delhi,Cochin,13:25:00,04:25:00,900,2.0,No Info,16704
Jet Airways,2019-06-06,Delhi,Cochin,14:00:00,19:00:00,300,1.0,No Info,14714
Air India,2019-05-27,Delhi,Cochin,18:05:00,21:10:00,185,0.0,No Info,6094
Jet Airways,2019-05-09,Delhi,Cochin,05:30:00,19:00:00,810,2.0,No Info,15129
Jet Airways,2019-03-24,Kolkata,Banglore,19:45:00,16:20:00,1235,1.0,In-flight meal not included,10031
Jet Airways,2019-03-24,Kolkata,Banglore,13:55:00,22:35:00,520,1.0,In-flight meal not included,11134
Air India,2019-04-09,Delhi,Cochin,12:55:00,19:15:00,1820,2.0,No Info,9968
Multiple Carriers,2019-05-24,Delhi,Cochin,09:00:00,19:00:00,600,1.0,No Info,10197
Multiple Carriers,2019-06-15,Delhi,Cochin,09:45:00,22:30:00,765,1.0,No Info,9646
Jet Airways,2019-06-27,Delhi,Cochin,22:50:00,04:25:00,335,1.0,No Info,16079
Indigo,2019-06-09,Kolkata,Banglore,09:20:00,14:15:00,295,1.0,No Info,11465
Jet Airways,2019-06-09,Kolkata,Banglore,09:35:00,18:00:00,505,1.0,No Info,14676
Spicejet,2019-05-01,Mumbai,Hyderabad,13:15:00,14:45:00,90,0.0,No Info,2437
Indigo,2019-05-15,Mumbai,Hyderabad,20:05:00,21:40:00,95,0.0,No Info,2227
Jet Airways,2019-04-01,Kolkata,Banglore,16:30:00,16:20:00,1430,1.0,No Info,12681
Indigo,2019-04-09,Banglore,Delhi,01:30:00,04:15:00,165,0.0,No Info,3419
Jet Airways,2019-05-21,Kolkata,Banglore,17:00:00,09:45:00,1005,1.0,No Info,13067
Jet Airways,2019-06-06,Delhi,Cochin,21:25:00,19:00:00,1295,2.0,In-flight meal not included,10588
Indigo,2019-05-27,Delhi,Cochin,11:25:00,21:00:00,575,1.0,No Info,6314
Jet Airways,2019-06-03,Delhi,Cochin,02:15:00,19:00:00,1005,1.0,No Info,14714
Air India,2019-05-21,Banglore,Delhi,21:05:00,23:55:00,170,0.0,No Info,5228
Jet Airways,2019-05-21,Kolkata,Banglore,06:30:00,18:15:00,705,1.0,In-flight meal not included,10844
Goair,2019-05-18,Banglore,Delhi,11:40:00,14:30:00,170,0.0,No Info,4340
Jet Airways,2019-06-06,Mumbai,Hyderabad,19:35:00,21:05:00,90,0.0,No Info,5678
Jet Airways,2019-05-09,Kolkata,Banglore,21:10:00,12:00:00,890,1.0,In-flight meal not included,9663
Jet Airways,2019-06-09,Delhi,Cochin,19:45:00,04:25:00,520,1.0,In-flight meal not included,10577
Air India,2019-06-18,Banglore,Delhi,10:00:00,12:45:00,165,0.0,No Info,6961
Air India,2019-06-09,Banglore,Delhi,10:00:00,12:45:00,165,0.0,No Info,6961
Multiple Carriers,2019-03-06,Delhi,Cochin,07:10:00,21:20:00,850,2.0,In-flight meal not included,7731
Indigo,2019-06-24,Delhi,Cochin,02:00:00,07:25:00,325,1.0,No Info,5636
Jet Airways,2019-06-12,Banglore,Delhi,11:10:00,14:05:00,175,0.0,In-flight meal not included,5769
Multiple Carriers,2019-05-01,Delhi,Cochin,10:20:00,19:00:00,520,1.0,No Info,9794
Jet Airways,2019-03-03,Delhi,Cochin,16:00:00,18:50:00,1610,1.0,No Info,17234
Multiple Carriers,2019-03-09,Delhi,Cochin,09:45:00,21:20:00,695,2.0,No Info,10090
Indigo,2019-05-12,Banglore,Delhi,13:00:00,15:50:00,170,0.0,No Info,4591
Air India,2019-05-12,Kolkata,Banglore,09:25:00,11:10:00,1545,1.0,No Info,8891
Spicejet,2019-04-27,Kolkata,Banglore,22:20:00,00:40:00,140,0.0,No Info,3873
Jet Airways,2019-06-09,Delhi,Cochin,09:40:00,12:35:00,1615,2.0,No Info,13014
Jet Airways,2019-06-03,Delhi,Cochin,21:25:00,12:35:00,910,2.0,In-flight meal not included,11507
Air India,2019-03-12,Banglore,New Delhi,06:45:00,09:25:00,1600,2.0,No Info,12515
Indigo,2019-05-15,Delhi,Cochin,21:05:00,00:20:00,195,0.0,No Info,6834
Indigo,2019-03-09,Banglore,New Delhi,18:55:00,21:45:00,170,0.0,No Info,6860
Vistara,2019-03-06,Mumbai,Hyderabad,11:55:00,22:55:00,660,1.0,No Info,12395
Indigo,2019-05-24,Kolkata,Banglore,08:10:00,13:00:00,290,1.0,No Info,5069
Jet Airways,2019-05-27,Delhi,Cochin,11:30:00,19:00:00,450,1.0,In-flight meal not included,9732
Spicejet,2019-06-24,Kolkata,Banglore,22:20:00,00:40:00,140,0.0,No check-in baggage included,3841
Jet Airways,2019-03-27,Delhi,Cochin,11:30:00,18:50:00,440,1.0,In-flight meal not included,6017
Jet Airways,2019-03-15,Banglore,New Delhi,11:40:00,18:25:00,405,1.0,In-flight meal not included,9134
Jet Airways,2019-03-12,Banglore,New Delhi,18:55:00,11:25:00,990,1.0,In-flight meal not included,11087
Indigo,2019-05-21,Banglore,Delhi,18:25:00,21:20:00,175,0.0,No Info,4823
Multiple Carriers,2019-05-15,Delhi,Cochin,03:50:00,12:35:00,525,1.0,No Info,10197
Vistara,2019-05-18,Banglore,Delhi,17:00:00,19:35:00,155,0.0,No Info,4878
Multiple Carriers,2019-06-12,Delhi,Cochin,07:30:00,19:00:00,690,1.0,No Info,10877
Indigo,2019-05-21,Banglore,Delhi,10:10:00,13:00:00,170,0.0,No Info,3943
Jet Airways,2019-06-03,Delhi,Cochin,09:40:00,12:35:00,1615,2.0,No Info,13014
Air India,2019-06-21,Banglore,Delhi,21:05:00,23:55:00,170,0.0,No Info,5228
Air India,2019-05-15,Kolkata,Banglore,16:45:00,12:30:00,1185,2.0,No Info,14960
Indigo,2019-03-15,Banglore,New Delhi,16:55:00,19:45:00,170,0.0,No Info,8033
Air India,2019-06-06,Kolkata,Banglore,07:00:00,05:25:00,1345,2.0,No Info,12009
Air India,2019-06-06,Delhi,Cochin,10:55:00,07:40:00,1245,2.0,No Info,11753
Jet Airways,2019-04-01,Kolkata,Banglore,08:25:00,19:50:00,685,1.0,In-flight meal not included,7064
Indigo,2019-04-01,Banglore,Delhi,01:30:00,04:15:00,165,0.0,No Info,4423
Air India,2019-03-21,Banglore,New Delhi,08:15:00,18:30:00,615,1.0,No Info,4943
Jet Airways,2019-04-01,Kolkata,Banglore,09:35:00,10:55:00,1520,1.0,No Info,11467
Indigo,2019-05-01,Delhi,Cochin,07:30:00,21:00:00,810,1.0,No Info,8542
Indigo,2019-05-15,Banglore,Delhi,01:30:00,04:15:00,165,0.0,No Info,3419
Multiple Carriers,2019-03-03,Delhi,Cochin,10:00:00,01:35:00,935,1.0,No Info,16863
Vistara,2019-06-09,Kolkata,Banglore,17:00:00,22:55:00,355,1.0,No Info,9187
Jet Airways,2019-06-09,Delhi,Cochin,11:00:00,14:15:00,195,0.0,In-flight meal not included,7202
Vistara,2019-06-06,Kolkata,Banglore,07:10:00,20:20:00,790,1.0,No Info,8610
Jet Airways,2019-05-09,Kolkata,Banglore,14:05:00,23:35:00,570,1.0,In-flight meal not included,10844
Indigo,2019-04-15,Banglore,Delhi,18:25:00,21:20:00,175,0.0,No Info,4823
Multiple Carriers,2019-06-27,Delhi,Cochin,07:10:00,16:10:00,540,1.0,In-flight meal not included,6093
Jet Airways,2019-05-27,Delhi,Cochin,15:00:00,19:00:00,1680,1.0,In-flight meal not included,12898
Indigo,2019-06-09,Kolkata,Banglore,15:10:00,20:30:00,320,1.0,No Info,7095
Jet Airways,2019-06-06,Kolkata,Banglore,08:25:00,16:20:00,475,1.0,No Info,14571
Goair,2019-06-12,Banglore,Delhi,20:55:00,23:40:00,165,0.0,No Info,3419
Jet Airways,2019-06-24,Delhi,Cochin,21:25:00,12:35:00,910,2.0,No Info,12609
Jet Airways,2019-05-18,Kolkata,Banglore,20:00:00,08:15:00,735,1.0,No Info,13941
Vistara,2019-06-03,Banglore,Delhi,17:00:00,19:35:00,155,0.0,No Info,4878
Spicejet,2019-05-27,Kolkata,Banglore,09:00:00,11:25:00,145,0.0,No check-in baggage included,3841
Air India,2019-05-18,Kolkata,Banglore,08:20:00,11:10:00,1610,2.0,No Info,11222
Spicejet,2019-06-03,Delhi,Cochin,06:05:00,11:20:00,315,1.0,No Info,5583
Air India,2019-05-01,Banglore,Delhi,06:10:00,08:55:00,165,0.0,No Info,6121
Spicejet,2019-05-15,Kolkata,Banglore,15:55:00,21:25:00,330,1.0,No Info,7804
Air Asia,2019-04-01,Kolkata,Banglore,06:50:00,10:30:00,220,1.0,No Info,5162
Indigo,2019-05-24,Chennai,Kolkata,07:55:00,10:15:00,140,0.0,No Info,3850
Multiple Carriers,2019-03-06,Delhi,Cochin,15:05:00,01:35:00,630,2.0,No Info,21483
Goair,2019-06-09,Delhi,Cochin,07:30:00,13:35:00,365,1.0,No Info,6276
Indigo,2019-05-21,Delhi,Cochin,07:30:00,21:00:00,810,1.0,No Info,7006
Indigo,2019-03-03,Delhi,Cochin,16:00:00,01:35:00,575,1.0,No Info,14871
Jet Airways,2019-06-15,Delhi,Cochin,19:30:00,12:35:00,1025,2.0,In-flight meal not included,10368
Jet Airways,2019-05-27,Banglore,Delhi,07:10:00,10:10:00,180,0.0,No Info,7229
Air Asia,2019-05-09,Banglore,Delhi,04:55:00,07:45:00,170,0.0,No Info,4282
Spicejet,2019-04-15,Banglore,Delhi,21:10:00,00:05:00,175,0.0,No check-in baggage included,3919
Air India,2019-06-06,Kolkata,Banglore,08:20:00,20:25:00,725,2.0,No Info,11432
Air India,2019-05-06,Kolkata,Banglore,07:00:00,01:20:00,1100,2.0,No Info,14083
Jet Airways,2019-06-06,Delhi,Cochin,08:00:00,19:00:00,660,1.0,No Info,14714
Jet Airways,2019-06-06,Kolkata,Banglore,21:10:00,09:20:00,730,1.0,In-flight meal not included,10844
Vistara,2019-04-27,Delhi,Cochin,06:00:00,09:10:00,190,0.0,No Info,6216
Air India,2019-05-06,Kolkata,Banglore,09:50:00,21:05:00,675,1.0,No Info,7452
Air India,2019-03-15,Delhi,Cochin,14:10:00,17:10:00,180,0.0,No Info,5674
Air India,2019-03-27,Mumbai,Hyderabad,06:20:00,07:40:00,80,0.0,No Info,2575
Jet Airways,2019-03-18,Banglore,New Delhi,16:55:00,09:00:00,965,1.0,In-flight meal not included,11087
Air India,2019-03-15,Banglore,New Delhi,21:10:00,23:55:00,165,0.0,No Info,8851
Spicejet,2019-04-27,Kolkata,Banglore,09:00:00,11:25:00,145,0.0,No check-in baggage included,3841
Jet Airways,2019-05-24,Kolkata,Banglore,14:05:00,20:45:00,400,1.0,In-flight meal not included,10844
Air Asia,2019-06-03,Banglore,Delhi,23:55:00,02:45:00,170,0.0,No Info,7120
Indigo,2019-05-27,Mumbai,Hyderabad,12:00:00,13:30:00,90,0.0,No Info,2754
Spicejet,2019-05-01,Kolkata,Banglore,09:00:00,11:25:00,145,0.0,No Info,4174
Indigo,2019-06-18,Banglore,Delhi,10:10:00,13:00:00,170,0.0,No Info,3943
Jet Airways,2019-05-18,Delhi,Cochin,20:00:00,04:25:00,505,2.0,In-flight meal not included,15318
Indigo,2019-06-15,Banglore,Delhi,01:30:00,04:15:00,165,0.0,No Info,3419
Multiple Carriers,2019-03-03,Delhi,Cochin,07:05:00,21:20:00,855,2.0,No Info,8291
Jet Airways,2019-05-09,Kolkata,Banglore,18:55:00,10:05:00,910,1.0,No Info,13941
Air Asia,2019-05-12,Banglore,Delhi,11:10:00,13:55:00,165,0.0,No Info,3383
Jet Airways,2019-06-15,Mumbai,Hyderabad,07:05:00,08:30:00,85,0.0,In-flight meal not included,4050
Multiple Carriers,2019-06-09,Delhi,Cochin,13:00:00,21:00:00,480,1.0,No Info,7408
Jet Airways,2019-05-24,Kolkata,Banglore,21:10:00,09:20:00,730,1.0,In-flight meal not included,9663
Air India,2019-06-09,Delhi,Cochin,05:15:00,06:50:00,1535,1.0,No Info,6587
Jet Airways,2019-03-06,Banglore,New Delhi,08:00:00,15:15:00,435,1.0,No Info,19225
Multiple Carriers,2019-03-21,Delhi,Cochin,08:25:00,19:15:00,650,1.0,No Info,8601
Indigo,2019-03-03,Banglore,New Delhi,20:00:00,22:55:00,175,0.0,No Info,7303
Multiple Carriers,2019-05-18,Delhi,Cochin,03:50:00,19:00:00,910,1.0,No Info,10197
Indigo,2019-04-06,Banglore,Delhi,08:30:00,11:20:00,170,0.0,No Info,4823
Air India,2019-03-06,Mumbai,Hyderabad,21:10:00,16:55:00,255,2.0,No Info,17327
Spicejet,2019-03-01,Chennai,Kolkata,08:20:00,10:35:00,135,0.0,No Info,7298
Jet Airways,2019-05-21,Delhi,Cochin,05:30:00,12:35:00,425,2.0,No Info,16274
Spicejet,2019-06-15,Kolkata,Banglore,17:10:00,19:40:00,150,0.0,No Info,3873
Indigo,2019-05-21,Mumbai,Hyderabad,19:05:00,20:35:00,90,0.0,No Info,2754
Jet Airways,2019-06-12,Delhi,Cochin,20:00:00,12:35:00,995,2.0,No Info,14300
Indigo,2019-03-27,Delhi,Cochin,18:35:00,01:35:00,420,1.0,No Info,8574
Jet Airways,2019-03-27,Delhi,Cochin,09:55:00,18:50:00,535,1.0,No Info,12032
Indigo,2019-05-09,Banglore,Delhi,01:30:00,04:15:00,165,0.0,No Info,3419
Indigo,2019-06-09,Delhi,Cochin,20:25:00,01:30:00,305,1.0,No Info,5458
Indigo,2019-05-03,Mumbai,Hyderabad,21:20:00,22:50:00,90,0.0,No Info,2437
Multiple Carriers,2019-06-12,Delhi,Cochin,09:00:00,21:00:00,720,1.0,No Info,13587
Goair,2019-04-06,Banglore,Delhi,07:45:00,10:40:00,175,0.0,No Info,4632
Jet Airways,2019-05-03,Banglore,Delhi,11:10:00,14:05:00,175,0.0,In-flight meal not included,4030
Vistara,2019-04-15,Banglore,Delhi,19:30:00,22:15:00,165,0.0,No Info,5613
Jet Airways,2019-04-01,Kolkata,Banglore,18:55:00,08:15:00,800,1.0,No Info,12681
Multiple Carriers,2019-06-01,Delhi,Cochin,07:10:00,16:10:00,540,1.0,No Info,7038
Jet Airways,2019-05-06,Mumbai,Hyderabad,19:35:00,21:05:00,90,0.0,No Info,5678
Jet Airways,2019-06-12,Delhi,Cochin,20:00:00,04:25:00,505,2.0,In-flight meal not included,12410
Air India,2019-03-21,Delhi,Cochin,17:15:00,19:15:00,1560,2.0,No Info,8245
Jet Airways,2019-06-24,Banglore,Delhi,19:50:00,22:50:00,180,0.0,No Info,8016
Indigo,2019-03-27,Delhi,Cochin,16:00:00,01:35:00,575,1.0,No Info,7048
Air India,2019-04-09,Delhi,Cochin,07:00:00,19:15:00,735,1.0,No Info,6674
Multiple Carriers,2019-06-09,Delhi,Cochin,10:00:00,19:00:00,540,1.0,No Info,12192
Jet Airways,2019-06-06,Delhi,Cochin,02:15:00,19:00:00,1005,1.0,No Info,14714
Jet Airways,2019-05-24,Kolkata,Banglore,06:30:00,04:40:00,1330,1.0,In-flight meal not included,8586
Air Asia,2019-04-21,Delhi,Cochin,07:55:00,13:25:00,330,1.0,No Info,7452
Air India,2019-06-12,Delhi,Cochin,12:00:00,07:40:00,1180,2.0,No Info,8603
Spicejet,2019-05-21,Delhi,Cochin,15:45:00,22:05:00,380,1.0,No Info,7317
Air India,2019-04-09,Kolkata,Banglore,19:00:00,11:05:00,965,1.0,No Info,4647
Indigo,2019-03-27,Mumbai,Hyderabad,19:05:00,20:30:00,85,0.0,No Info,2754
Jet Airways,2019-05-18,Delhi,Cochin,22:50:00,04:25:00,335,1.0,No Info,15554
Indigo,2019-06-12,Delhi,Cochin,18:35:00,01:30:00,415,1.0,No Info,5883
Multiple Carriers,2019-06-24,Delhi,Cochin,06:00:00,12:35:00,395,1.0,No Info,12524
Multiple Carriers,2019-05-21,Delhi,Cochin,19:00:00,01:30:00,390,1.0,No Info,7485
Air Asia,2019-03-24,Kolkata,Banglore,07:35:00,22:55:00,920,1.0,No Info,6785
Multiple Carriers,2019-06-01,Delhi,Cochin,07:10:00,22:30:00,920,1.0,No Info,7038
Goair,2019-05-09,Kolkata,Banglore,23:30:00,07:45:00,495,1.0,No Info,6095
Indigo,2019-03-27,Kolkata,Banglore,20:25:00,23:05:00,160,0.0,No Info,4462
Vistara,2019-06-09,Banglore,Delhi,21:00:00,23:50:00,170,0.0,No Info,4668
Jet Airways,2019-06-03,Delhi,Cochin,19:45:00,19:00:00,1395,1.0,In-flight meal not included,10262
Indigo,2019-06-15,Banglore,Delhi,18:25:00,21:20:00,175,0.0,No Info,4823
Jet Airways,2019-06-24,Delhi,Cochin,13:00:00,19:00:00,360,1.0,In-flight meal not included,10262
Multiple Carriers,2019-03-21,Delhi,Cochin,08:25:00,18:50:00,625,1.0,No Info,13069
Air Asia,2019-06-27,Delhi,Cochin,07:55:00,22:25:00,870,1.0,No Info,6152
Jet Airways,2019-03-06,Banglore,New Delhi,11:40:00,10:25:00,1365,1.0,No Info,17261
Multiple Carriers,2019-03-03,Delhi,Cochin,13:05:00,22:20:00,555,1.0,No Info,14153
Jet Airways,2019-03-06,Delhi,Cochin,19:10:00,19:45:00,1475,2.0,No Info,19329
Indigo,2019-03-09,Kolkata,Banglore,10:10:00,12:55:00,165,0.0,No Info,4462
Air Asia,2019-05-15,Banglore,Delhi,11:10:00,13:55:00,165,0.0,No Info,3383
Air India,2019-06-24,Delhi,Cochin,13:15:00,09:25:00,1210,2.0,No Info,8839
Jet Airways,2019-06-03,Delhi,Cochin,19:45:00,12:35:00,1010,1.0,In-flight meal not included,10262
Air India,2019-06-03,Delhi,Cochin,03:50:00,19:15:00,925,1.0,No Info,8669
Jet Airways,2019-03-03,Delhi,Cochin,08:00:00,04:25:00,1225,1.0,No Info,17024
Jet Airways,2019-05-06,Kolkata,Banglore,20:25:00,10:55:00,870,1.0,No Info,13067
Jet Airways,2019-05-21,Delhi,Cochin,20:55:00,12:35:00,940,1.0,In-flight meal not included,12898
Indigo,2019-03-09,Delhi,Cochin,08:35:00,21:20:00,765,2.0,No Info,8146
Indigo,2019-03-06,Kolkata,Banglore,17:15:00,19:55:00,160,0.0,No Info,5618
Jet Airways,2019-03-21,Delhi,Cochin,02:15:00,18:50:00,995,1.0,No Info,12719
Indigo,2019-06-27,Delhi,Cochin,02:00:00,07:25:00,325,1.0,No Info,5636
Air India,2019-06-03,Delhi,Cochin,13:00:00,19:15:00,375,1.0,No Info,8372
Indigo,2019-03-15,Banglore,New Delhi,16:50:00,21:35:00,285,1.0,No Info,10406
Jet Airways,2019-05-12,Kolkata,Banglore,17:00:00,14:25:00,1285,1.0,No Info,13067
Air India,2019-05-21,Delhi,Cochin,17:15:00,19:15:00,1560,2.0,No Info,11972
Indigo,2019-03-09,Delhi,Cochin,21:05:00,01:45:00,280,1.0,No Info,6937
Indigo,2019-05-21,Mumbai,Hyderabad,21:20:00,22:50:00,90,0.0,No Info,2227
Indigo,2019-05-01,Kolkata,Banglore,04:40:00,07:15:00,155,0.0,No Info,4804
Spicejet,2019-06-21,Mumbai,Hyderabad,22:45:00,00:15:00,90,0.0,No Info,2017
Indigo,2019-06-24,Delhi,Cochin,08:35:00,22:30:00,835,1.0,No Info,6442
